{
  "model": "TIMM",
  "ignore": 0.0,
  "randomSeed": 1739629349997,
  "x": 200.0,
  "y": 200.0,
  "duration": 600.0,
  "nn": 16,
  "circular": false,
  "J": "2D",
  "Building_graph": "building_graph.txt",
  "Group_max_distance": [
    1.7976931348623157e+308,
    1.7976931348623157e+308,
    1.7976931348623157e+308,
    1.7976931348623157e+308
  ],
  "Group_endtime": [
    1.7976931348623157e+308,
    1.7976931348623157e+308,
    1.7976931348623157e+308,
    1.7976931348623157e+308
  ],
  "Fast_speed": [1.037, 0.212],
  "Group_size": [4, 4, 4, 4],
  "Graph_max_distance_vertices": 1000.0,
  "Group_minimal_size": 2,
  "Door_wait_or_opening_time": [16.1, 66.8],
  "Slow_speed": [0.577, 0.106],
  "GroupOneRules": true,
  "Group_starttimes": [10.0, 20.0, 30.0, 40.0]
}
